kod_stacji,nazwa,lon,lat,kategoria,zrodlo,wysokosc_npm,rok_zalozenia
252210290,RYBIENKO,21.429167,52.577778,IMGW - posterunek opadowy,IMGW-PIB,93,2014
351230497,WŁODAWA,23.529444,51.553333,IMGW - stacja synoptyczna,IMGW-PIB,177,1954
352220385,SIEDLCE,22.244722,52.181111,IMGW - stacja synoptyczna,IMGW-PIB,152,1881
250240010,STRZYŻÓW,24.035556,50.84,IMGW - posterunek opadowy,IMGW-PIB,181,2001
352230399,TERESPOL,23.621944,52.078611,IMGW - stacja synoptyczna,IMGW-PIB,133,1954
250230070,TOMASZÓW LUBELSKI,23.398889,50.458056,IMGW - stacja klimatologiczna,IMGW-PIB,270,1921
252230190,CICIBÓR,23.109444,52.076944,IMGW - stacja klimatologiczna,IMGW-PIB,144,2000
252190120,ŻYCHLIN,19.623056,52.242778,IMGW - posterunek opadowy,IMGW-PIB,97,
253190030,DOBROCIN,19.828056,53.908333,IMGW - stacja klimatologiczna,IMGW-PIB,118,1972
253190220,LIDZBARK,19.824167,53.254444,IMGW - stacja klimatologiczna,IMGW-PIB,140,1948
352190360,PŁOCK,19.725833,52.588333,IMGW - stacja synoptyczna,IMGW-PIB,106,1946
251200030,SKIERNIEWICE,20.160278,51.965278,IMGW - stacja klimatologiczna,IMGW-PIB,128,1895
252190160,WALEWICE,19.665556,52.102778,IMGW - posterunek opadowy,IMGW-PIB,95,1946
253190310,KULIGI,19.691111,53.430833,IMGW - posterunek opadowy,IMGW-PIB,96,2005
252190030,GŁODOWO,19.235556,52.830556,IMGW - stacja klimatologiczna,IMGW-PIB,104,1947
252200080,BORKOWO,20.660278,52.561944,IMGW - posterunek opadowy,IMGW-PIB,85,1998
252210050,PUŁTUSK,21.090278,52.7275,IMGW - stacja klimatologiczna,IMGW-PIB,95,1947
252230010,NOWOSADY,23.878889,52.9725,IMGW - posterunek opadowy,IMGW-PIB,160,1973
252230030,BONDARY,23.754444,52.9375,IMGW - stacja klimatologiczna,IMGW-PIB,147,1973
252230090,CHRABOŁY,23.195556,52.862222,IMGW - posterunek opadowy,IMGW-PIB,127,2005
252230120,BIAŁOWIEŻA,23.847778,52.707222,IMGW - stacja klimatologiczna,IMGW-PIB,163,1946
353210280,MIKOŁAJKI,21.589722,53.789167,IMGW - stacja synoptyczna,IMGW-PIB,127,1952
354220195,SUWAŁKI,22.948889,54.130833,IMGW - stacja synoptyczna,IMGW-PIB,184,1946
253210170,ROZOGI,21.379444,53.491389,IMGW - posterunek opadowy,IMGW-PIB,130,1949
253210210,MYSZYNIEC,21.350278,53.384444,IMGW - stacja klimatologiczna,IMGW-PIB,120,1983
253210260,ZARUZIE,21.8025,53.1475,IMGW - posterunek opadowy,IMGW-PIB,87,2005
253220080,DĘBOWO,22.930556,53.610556,IMGW - posterunek opadowy,IMGW-PIB,115,1946
253220130,RADZIŁÓW,22.405278,53.413889,IMGW - posterunek opadowy,IMGW-PIB,115,1963
253220160,BURZYN,22.454167,53.278611,IMGW - posterunek opadowy,IMGW-PIB,120,1949
353230295,BIAŁYSTOK,23.162222,53.107222,IMGW - stacja synoptyczna,IMGW-PIB,148,1945
253220120,OSOWIEC,22.645833,53.4825,IMGW - posterunek opadowy,IMGW-PIB,110,1946
252210020,CZARNOWO,21.535,52.881944,IMGW - posterunek opadowy,IMGW-PIB,94,2005
253220310,MOŃKI,22.796389,53.400278,IMGW - posterunek opadowy,IMGW-PIB,175,2014
254220090,OLECKO,22.486944,54.0475,IMGW - stacja klimatologiczna,IMGW-PIB,182,1949
253230180,DRAHLE,23.555,53.385556,IMGW - posterunek opadowy,IMGW-PIB,162,2012
253210370,ŚWIĘTAJNO,21.228056,53.563611,IMGW - stacja klimatologiczna,IMGW-PIB,142,2018
353160230,PIŁA,16.747222,53.130556,IMGW - stacja synoptyczna,IMGW-PIB,72,1970
353160215,SZCZECINEK,16.746667,53.717778,IMGW - stacja synoptyczna,IMGW-PIB,139,1946
253160010,SĘPOLNO WIELKIE,16.773611,53.9475,IMGW - posterunek opadowy,IMGW-PIB,165,1954
253160110,JASTROWIE,16.813889,53.425556,IMGW - posterunek opadowy,IMGW-PIB,111,1947
253170160,SYPNIEWO,17.330278,53.364444,IMGW - posterunek opadowy,IMGW-PIB,128,1963
252180080,KOŁUDA WIELKA,18.148889,52.735833,IMGW - stacja klimatologiczna,IMGW-PIB,88,1948
252150050,KRZYŻ,15.983611,52.881111,IMGW - stacja klimatologiczna,IMGW-PIB,34,1957
253170210,CHRZĄSTOWO,17.583611,53.161111,IMGW - stacja klimatologiczna,IMGW-PIB,105,1953
253150250,DRAWNO,15.77,53.213056,IMGW - posterunek opadowy,IMGW-PIB,76,2005
253160090,WIERZCHOWO,16.104444,53.46,IMGW - stacja klimatologiczna,IMGW-PIB,137,1956
250180590,RYBNIK-STODOŁY,18.483056,50.154444,IMGW - posterunek opadowy,IMGW-PIB,216,2006
250160650,MIĘDZYLESIE,16.670833,50.153333,IMGW - posterunek opadowy,IMGW-PIB,453,1946
250170110,DOBROGOSZCZ,17.017222,50.758611,IMGW - stacja klimatologiczna,IMGW-PIB,175,1955
250170290,DZIEWIĘTLICE,17.084167,50.411389,IMGW - posterunek opadowy,IMGW-PIB,241,1946
250170330,GŁUCHOŁAZY,17.387222,50.302222,IMGW - stacja klimatologiczna,IMGW-PIB,348,1945
250170340,JARNOŁTÓWEK,17.438056,50.288056,IMGW - posterunek opadowy,IMGW-PIB,346,1946
250170390,GŁUBCZYCE,17.794722,50.181944,IMGW - stacja klimatologiczna,IMGW-PIB,290,1946
250180190,KRUPSKI MŁYN,18.623333,50.569167,IMGW - posterunek opadowy,IMGW-PIB,225,1955
249180260,ISTEBNA-KUBALONKA,18.901111,49.603611,IMGW - stacja klimatologiczna,IMGW-PIB,780,1974
250180690,PILCHOWICE,18.591944,50.224167,IMGW - posterunek opadowy,IMGW-PIB,221,2023
249210350,MOSZCZANIEC,21.912778,49.422222,IMGW - posterunek opadowy,IMGW-PIB,467,2023
249180580,GOCZAŁKOWICE-ZDRÓJ,18.933889,49.938333,IMGW - posterunek opadowy,IMGW-PIB,259,2023
249201050,KRÓLÓWKA,20.433333,49.887222,IMGW - stacja klimatologiczna,IMGW-PIB,291,2023
249180570,MIĘDZYRZECZE GÓRNE,18.928333,49.839444,IMGW - posterunek opadowy,IMGW-PIB,312,2023
250160950,KWIETNIKI,16.142778,50.966944,IMGW - posterunek opadowy,IMGW-PIB,256,2023
250190260,GOLCZOWICE,19.595833,50.36,IMGW - posterunek opadowy,IMGW-PIB,325,1955
249180270,ISTEBNA-MŁODA GÓRA,18.861944,49.580556,IMGW - posterunek opadowy,IMGW-PIB,786,1949
250160580,SPALONA,16.538333,50.276667,IMGW - posterunek opadowy,IMGW-PIB,815,1955
252210330,RZĄŚNIK WŁOŚCIAŃSKI,21.720556,52.849722,IMGW - posterunek opadowy,IMGW-PIB,120,2023
252230280,JAGODNIKI,23.489167,52.697222,IMGW - stacja klimatologiczna,IMGW-PIB,156,2023
250180640,ZABRZE,18.753611,50.365,IMGW - posterunek opadowy,IMGW-PIB,270,2023
250180710,BOGUSZYCE,18.510278,50.436944,IMGW - posterunek opadowy,IMGW-PIB,211,2023
253190360,NAJMOWO,19.326667,53.308333,IMGW - stacja klimatologiczna,IMGW-PIB,104,2023
250160920,PIŁAWA GÓRNA,16.7325,50.689444,IMGW - posterunek opadowy,IMGW-PIB,296,2023
251150130,ŁOZY,15.366944,51.489444,IMGW - posterunek opadowy,IMGW-PIB,128,1949
249191030,KOPYTÓWKA,19.636111,49.933611,IMGW - posterunek opadowy,IMGW-PIB,309,2024
250180530,KIETRZ,18.010278,50.082222,IMGW - posterunek opadowy,IMGW-PIB,220,1946
249190960,BUDZÓW,19.659444,49.773889,IMGW - posterunek opadowy,IMGW-PIB,342,2023
254180070,TĘPCZ,18.038889,54.5075,IMGW - posterunek opadowy,IMGW-PIB,178,1948
249180280,ISTEBNA-STECÓWKA,18.940278,49.585278,IMGW - brak bieżących danych,IMGW-PIB,735,1948
250150190,KOWARY,15.824167,50.803611,IMGW - posterunek opadowy,IMGW-PIB,430,1948
250150220,KARPACZ,15.769444,50.778889,IMGW - stacja klimatologiczna,IMGW-PIB,567,1945
250150240,PACZYN,15.911389,50.739722,IMGW - posterunek opadowy,IMGW-PIB,643,1955
250150250,PAPROTKI,15.948056,50.726667,IMGW - stacja klimatologiczna,IMGW-PIB,543,1956
250150260,BUKÓWKA,15.957222,50.712778,IMGW - posterunek opadowy,IMGW-PIB,511,1955
250160070,BORÓW,16.99,50.882222,IMGW - posterunek opadowy,IMGW-PIB,145,1947
250160090,PSZENNO,16.528611,50.861389,IMGW - stacja klimatologiczna,IMGW-PIB,223,1979
250160120,LUBOMIN,16.195833,50.803611,IMGW - posterunek opadowy,IMGW-PIB,464,1949
250150110,KACZORÓW,15.935833,50.908889,IMGW - posterunek opadowy,IMGW-PIB,491,1946
250160620,KAMIENICA,16.884167,50.227222,IMGW - posterunek opadowy,IMGW-PIB,682,1972
251150280,TWARDOCICE,15.7475,51.090556,IMGW - posterunek opadowy,IMGW-PIB,253,1949
251150360,ŚWIERZAWA,15.888889,51.016944,IMGW - posterunek opadowy,IMGW-PIB,299,1948
251160110,OSETNO,16.464167,51.631944,IMGW - posterunek opadowy,IMGW-PIB,87,1949
251160150,POLKOWICE DOLNE,16.056111,51.500556,IMGW - stacja klimatologiczna,IMGW-PIB,160,1949
251160220,OBORNIKI ŚLĄSKIE,16.930556,51.289444,IMGW - posterunek opadowy,IMGW-PIB,160,1948
251160290,JAWOR,16.183611,51.063333,IMGW - posterunek opadowy,IMGW-PIB,188,1946
251170140,MILICZ,17.277222,51.511111,IMGW - posterunek opadowy,IMGW-PIB,118,1947
251170210,TRZEBNICA,17.068056,51.322778,IMGW - posterunek opadowy,IMGW-PIB,155,1947
251170270,BIERUTÓW,17.544722,51.118889,IMGW - posterunek opadowy,IMGW-PIB,141,1947
250150210,PRZESIEKA,15.667222,50.798889,IMGW - posterunek opadowy,IMGW-PIB,646,1946
250160520,LĄDEK-ZDRÓJ,16.8575,50.339167,IMGW - stacja klimatologiczna,IMGW-PIB,450,1948
250150170,JAKUSZYCE,15.441944,50.823056,IMGW - stacja klimatologiczna,IMGW-PIB,855,1994
250180030,STARE OLESNO,18.363889,50.904722,IMGW - stacja klimatologiczna,IMGW-PIB,,
250150150,SZKLARSKA PORĘBA,15.529167,50.834444,IMGW - stacja klimatologiczna,IMGW-PIB,648,1947
250160410,BARDO,16.744167,50.509167,IMGW - posterunek opadowy,IMGW-PIB,321,1946
350180540,RACIBÓRZ,18.190833,50.061111,IMGW - stacja synoptyczna,IMGW-PIB,206,1848
351150400,ZIELONA GÓRA,15.524722,51.93,IMGW - stacja synoptyczna,IMGW-PIB,192,1945
250160220,JEDLINA-ZDRÓJ,16.349167,50.718611,IMGW - posterunek opadowy,IMGW-PIB,436,2011
354160105,KOSZALIN,16.155278,54.204444,IMGW - stacja synoptyczna,IMGW-PIB,33,1945
354180135,HEL,18.811944,54.603611,IMGW - stacja synoptyczna,IMGW-PIB,1,1920
254180010,ROZEWIE,18.335556,54.829444,IMGW - stacja klimatologiczna,IMGW-PIB,54,1946
254180050,WEJHEROWO,18.270278,54.598333,IMGW - posterunek opadowy,IMGW-PIB,22,1946
254180060,GDYNIA,18.559444,54.518889,IMGW - stacja klimatologiczna,IMGW-PIB,2,1927
254180140,OSTRZYCE-BRODNICA GÓRNA,18.091389,54.274444,IMGW - stacja klimatologiczna,IMGW-PIB,213,2004
354170120,ŁEBA,17.534722,54.753611,IMGW - stacja synoptyczna,IMGW-PIB,1,1947
250170790,WOJNOWICE,17.868333,50.133611,IMGW - posterunek opadowy,IMGW-PIB,283,2024
250170810,BRANICE,17.775833,50.051111,IMGW - posterunek opadowy,IMGW-PIB,290,2024
251200290,TEOFILÓW,20.182778,51.528056,IMGW - posterunek opadowy,IMGW-PIB,150,2002
249180020,WARSZOWICE,18.705556,49.991944,IMGW - posterunek opadowy,IMGW-PIB,270,1946
250150350,PODGÓRZYN,15.6875,50.825556,IMGW - posterunek opadowy,IMGW-PIB,385,2007
250160590,DŁUGOPOLE-ZDRÓJ,16.633333,50.249722,IMGW - stacja klimatologiczna,IMGW-PIB,364,1949
250180380,SUKOWICE,18.169722,50.262778,IMGW - stacja klimatologiczna,IMGW-PIB,180,1948
251160360,GŁOGÓW,16.06,51.6725,IMGW - posterunek opadowy,IMGW-PIB,75,2013
250160320,OSTROSZOWICE,16.6325,50.646111,IMGW - posterunek opadowy,IMGW-PIB,373,1947
250160840,SZALEJÓW GÓRNY,16.5525,50.430556,IMGW - posterunek opadowy,IMGW-PIB,335,2014
252150180,LUBINICKO-ŚWIEBODZIN,15.545278,52.242778,IMGW - stacja klimatologiczna,IMGW-PIB,88,1975
250150510,MIRSK,15.383333,50.986944,IMGW - posterunek opadowy,IMGW-PIB,338,2014
249180530,ISTEBNA-STECÓWKA,18.937778,49.584722,IMGW - posterunek opadowy,IMGW-PIB,725,2005
250160360,TARNÓW,16.792778,50.575278,IMGW - stacja klimatologiczna,IMGW-PIB,296,1974
251160320,RADZYŃ,16.037778,51.8725,IMGW - stacja klimatologiczna,IMGW-PIB,60,2002
249180410,ISTEBNA-WIEŚ,18.892222,49.568889,IMGW - posterunek opadowy,IMGW-PIB,578,2005
250180330,ŁABĘDY,18.615278,50.341944,IMGW - posterunek opadowy,IMGW-PIB,208,1955
252160050,RYCZYWÓŁ,16.838889,52.815833,IMGW - posterunek opadowy,IMGW-PIB,70,1948
252170060,JANOWIEC WIELKOPOLSKI,17.462222,52.754722,IMGW - posterunek opadowy,IMGW-PIB,95,1946
352150300,GORZÓW WIELKOPOLSKI,15.277222,52.741111,IMGW - stacja synoptyczna,IMGW-PIB,71,1946
352140310,SŁUBICE,14.619722,52.348611,IMGW - stacja synoptyczna,IMGW-PIB,53,1947
251150290,SULIKÓW,15.065,51.076944,IMGW - posterunek opadowy,IMGW-PIB,214,1947
251150320,BIERNA,15.116389,51.038889,IMGW - posterunek opadowy,IMGW-PIB,265,
250140030,BOGATYNIA,14.980556,50.899722,IMGW - stacja klimatologiczna,IMGW-PIB,290,1947
252160160,PAPROĆ,16.183056,52.304444,IMGW - stacja klimatologiczna,IMGW-PIB,77,1957
252160230,WIELICHOWO,16.356389,52.113889,IMGW - stacja klimatologiczna,IMGW-PIB,65,1947
252160110,SZAMOTUŁY-BABORÓWKO,16.638056,52.584444,IMGW - stacja klimatologiczna,IMGW-PIB,74,1946
251140110,SANICE,14.975833,51.406111,IMGW - stacja klimatologiczna,IMGW-PIB,150,2018
253150070,ŁABĘDZIE,15.809167,53.650556,IMGW - posterunek opadowy,IMGW-PIB,100,1961
253160020,OSÓWKO,16.068056,53.905556,IMGW - brak bieżących danych,IMGW-PIB,55,
353150210,RESKO-SMÓLSKO,15.393333,53.763611,IMGW - stacja synoptyczna,IMGW-PIB,52,1945
354150100,KOŁOBRZEG-DŹWIRZYNO,15.388889,54.158333,IMGW - stacja synoptyczna,IMGW-PIB,4,1946
354160115,USTKA,16.854167,54.588333,IMGW - stacja synoptyczna,IMGW-PIB,3,1946
354170125,LĘBORK,17.756944,54.553056,IMGW - stacja synoptyczna,IMGW-PIB,39,1945
254160110,MIASTKO,16.980278,54.015556,IMGW - stacja klimatologiczna,IMGW-PIB,160,1952
254160020,DARŁOWO,16.368333,54.433333,IMGW - stacja klimatologiczna,IMGW-PIB,12,1946
254180260,GDAŃSK-PORT PÓŁNOCNY,18.697778,54.399722,IMGW - stacja klimatologiczna,IMGW-PIB,2,1986
254170040,KARŻNICZKA,17.228611,54.4875,IMGW - stacja klimatologiczna,IMGW-PIB,75,1974
254180090,GDAŃSK-RĘBIECHOWO,18.486667,54.371111,IMGW - stacja klimatologiczna,IMGW-PIB,146,1982
254140010,DZIWNÓW,14.731667,54.022222,IMGW - stacja klimatologiczna,IMGW-PIB,3,1955
253140010,WOLIN,14.615833,53.8375,IMGW - posterunek opadowy,IMGW-PIB,2,1946
253150130,LISOWO,15.301389,53.430833,IMGW - posterunek opadowy,IMGW-PIB,95,1948
353140205,SZCZECIN,14.622778,53.395278,IMGW - stacja synoptyczna,IMGW-PIB,1,1948
353140200,ŚWINOUJŚCIE,14.242222,53.923333,IMGW - stacja synoptyczna,IMGW-PIB,4,1946
253140110,GRYFINO,14.484444,53.256944,IMGW - posterunek opadowy,IMGW-PIB,3,1947
253140040,TRZEBIEŻ,14.513889,53.663056,IMGW - stacja klimatologiczna,IMGW-PIB,1,1991
253150190,PRZELEWICE,15.082222,53.104167,IMGW - stacja klimatologiczna,IMGW-PIB,65,1954
353170235,CHOJNICE,17.5325,53.715278,IMGW - stacja synoptyczna,IMGW-PIB,164,1945
253170060,ZAPĘDOWO,17.840278,53.704167,IMGW - posterunek opadowy,IMGW-PIB,125,1956
253180040,STAROGARD GDAŃSKI,18.548889,53.982222,IMGW - stacja klimatologiczna,IMGW-PIB,85,2004
253180060,CZARNA WODA,18.092778,53.840556,IMGW - posterunek opadowy,IMGW-PIB,125,1948
253180090,ŚLIWICE,18.175833,53.704722,IMGW - stacja klimatologiczna,IMGW-PIB,119,1949
253180150,GRUDZIĄDZ,18.709444,53.4375,IMGW - stacja klimatologiczna,IMGW-PIB,25,1946
253180220,BYDGOSZCZ,18.045833,53.173611,IMGW - stacja klimatologiczna,IMGW-PIB,55,1991
353180250,TORUŃ,18.595556,53.041944,IMGW - stacja synoptyczna,IMGW-PIB,69,1945
254170140,KOŚCIERZYNA,17.961944,54.128611,IMGW - stacja klimatologiczna,IMGW-PIB,190,1948
253180020,RADOSTOWO,18.747222,53.989444,IMGW - stacja klimatologiczna,IMGW-PIB,40,1951
354180155,GDAŃSK-ŚWIBNO,18.934444,54.333611,IMGW - stacja synoptyczna,IMGW-PIB,7,1948
250190140,ŻARKI,19.380278,50.64,IMGW - posterunek opadowy,IMGW-PIB,380,1955
252180260,TUREK,18.498333,52.010278,IMGW - posterunek opadowy,IMGW-PIB,115,1946
351180435,KALISZ,18.080833,51.781111,IMGW - stacja synoptyczna,IMGW-PIB,137,1945
352180345,KOŁO-RADOSZEWICE,18.706111,52.361944,IMGW - stacja synoptyczna,IMGW-PIB,109,1945
352160330,POZNAŃ-ŁAWICA,16.834722,52.416667,IMGW - stacja synoptyczna,IMGW-PIB,88,1946
351180455,WIELUŃ,18.556667,51.210278,IMGW - stacja synoptyczna,IMGW-PIB,199,1945
350190550,CZĘSTOCHOWA,19.091667,50.811944,IMGW - stacja synoptyczna,IMGW-PIB,293,1945
250190170,KRĘCIWILK,19.370278,50.545278,IMGW - posterunek opadowy,IMGW-PIB,307,2001
251180020,ZBIERSK,18.150278,51.943333,IMGW - posterunek opadowy,IMGW-PIB,125,1950
251180040,PODDĘBICE,18.959722,51.885556,IMGW - posterunek opadowy,IMGW-PIB,130,1949
251180050,LISKÓW,18.41,51.835278,IMGW - posterunek opadowy,IMGW-PIB,147,2005
251180140,ZŁOCZEW,18.599167,51.421111,IMGW - posterunek opadowy,IMGW-PIB,175,1949
251180190,SIEMIANICE,18.143056,51.182778,IMGW - posterunek opadowy,IMGW-PIB,180,1951
251180240,JASTRZYGOWICE,18.456944,51.001111,IMGW - posterunek opadowy,IMGW-PIB,202,1956
251180160,OSJAKÓW,18.783611,51.283056,IMGW - posterunek opadowy,IMGW-PIB,156,1946
252180210,KŁODAWA,18.915833,52.250833,IMGW - posterunek opadowy,IMGW-PIB,117,1946
251180150,MIRKÓW,18.146389,51.310278,IMGW - posterunek opadowy,IMGW-PIB,156,1971
252170180,WRZEŚNIA,17.5925,52.315,IMGW - posterunek opadowy,IMGW-PIB,105,1946
351190465,ŁÓDŹ-LUBLINEK,19.387222,51.718333,IMGW - stacja synoptyczna,IMGW-PIB,174,1945
252170210,KÓRNIK,17.101944,52.245278,IMGW - stacja klimatologiczna,IMGW-PIB,77,1946
251190220,DOBRYSZYCE II,19.408333,51.1475,IMGW - stacja klimatologiczna,IMGW-PIB,216,2011
251180330,DZIAŁOSZYN,18.873889,51.12,IMGW - posterunek opadowy,IMGW-PIB,191,2010
251180310,KIEŁCZYGŁÓW,18.985,51.237222,IMGW - posterunek opadowy,IMGW-PIB,175,2005
251180320,KRASZEWICE,18.204722,51.530278,IMGW - posterunek opadowy,IMGW-PIB,131,2005
252170330,NOWA WIEŚ PODGÓRNA,17.589167,52.142222,IMGW - posterunek opadowy,IMGW-PIB,73,2005
251170360,OSTRÓW WIELKOPOLSKI,17.873333,51.660833,IMGW - posterunek opadowy,IMGW-PIB,123,2005
251190210,SZCZERCÓW,19.119167,51.340833,IMGW - posterunek opadowy,IMGW-PIB,160,2005
252180290,TULISZKÓW,18.268611,52.067778,IMGW - posterunek opadowy,IMGW-PIB,111,2005
252170190,SŁUPCA,17.883333,52.271944,IMGW - stacja klimatologiczna,IMGW-PIB,89,1960
251170380,WOLA KSIĄŻĘCA,17.589167,51.961389,IMGW - stacja klimatologiczna,IMGW-PIB,118,2018
251190190,ŁASK,19.178611,51.585556,IMGW - posterunek opadowy,IMGW-PIB,189,2005
250180580,DRONIOWICE,18.808056,50.695278,IMGW - stacja klimatologiczna,IMGW-PIB,270,2003
251180350,SIERADZ-DZIGORZEW,18.704722,51.624167,IMGW - stacja klimatologiczna,IMGW-PIB,128,2017
250190010,JANUSZEWICE,19.961111,50.941944,IMGW - posterunek opadowy,IMGW-PIB,220,1997
251200220,WŁOCHÓW,20.612222,51.098889,IMGW - posterunek opadowy,IMGW-PIB,345,1972
251200250,SUCHEDNIÓW,20.830556,51.049722,IMGW - posterunek opadowy,IMGW-PIB,265,1951
251210230,STARACHOWICE,21.055833,51.041667,IMGW - posterunek opadowy,IMGW-PIB,265,1956
251210240,BRODY IŁŻECKIE,21.196944,51.018611,IMGW - posterunek opadowy,IMGW-PIB,190,1956
251220040,RADZYŃ PODLASKI,22.600833,51.769167,IMGW - posterunek opadowy,IMGW-PIB,150,1992
251200150,ŁAZISKA,20.925833,51.323889,IMGW - stacja klimatologiczna,IMGW-PIB,180,1952
252210240,WIELGOLAS,21.723889,52.037222,IMGW - posterunek opadowy,IMGW-PIB,150,1949
350230595,ZAMOŚĆ,23.205556,50.698333,IMGW - stacja synoptyczna,IMGW-PIB,223,1945
351210488,KOZIENICE,21.543611,51.564722,IMGW - stacja synoptyczna,IMGW-PIB,123,1971
250200040,BODZENTYN,20.951389,50.946944,IMGW - stacja klimatologiczna,IMGW-PIB,270,1949
250210020,NOSÓW,21.219167,50.919167,IMGW - posterunek opadowy,IMGW-PIB,265,1950
250210030,ANNOPOL,21.834167,50.889444,IMGW - posterunek opadowy,IMGW-PIB,165,1949
250220030,WYSOKIE,22.666944,50.917778,IMGW - stacja klimatologiczna,IMGW-PIB,260,1946
251190160,PRZEDBÓRZ,19.875278,51.090556,IMGW - posterunek opadowy,IMGW-PIB,190,1970
251200080,BIAŁOBRZEGI,20.940278,51.648333,IMGW - stacja klimatologiczna,IMGW-PIB,116,1947
251200130,OPOCZNO,20.234444,51.378889,IMGW - posterunek opadowy,IMGW-PIB,200,1946
251200140,RUSZKOWICE,20.665833,51.339167,IMGW - posterunek opadowy,IMGW-PIB,210,2002
251200240,STANOWISKA,20.371389,51.041944,IMGW - posterunek opadowy,IMGW-PIB,305,1956
352200375,WARSZAWA-OKĘCIE,20.961111,52.162778,IMGW - stacja synoptyczna,IMGW-PIB,106,1918
250190210,PILICA,19.646944,50.459722,IMGW - posterunek opadowy,IMGW-PIB,351,1946
250210050,ŚWIĘTY KRZYŻ,21.051389,50.859444,IMGW - stacja klimatologiczna,IMGW-PIB,575,1928
251200170,CHEŁSTY,20.148611,51.215833,IMGW - posterunek opadowy,IMGW-PIB,220,1949
351220495,LUBLIN-RADAWIEC,22.393056,51.216667,IMGW - stacja synoptyczna,IMGW-PIB,238,1945
250190080,WĄSOSZ,19.685833,50.7375,IMGW - posterunek opadowy,IMGW-PIB,230,2005
251200270,DĄBRÓWKA STARA,20.736944,51.780278,IMGW - stacja klimatologiczna,IMGW-PIB,174,2002
252200150,WARSZAWA-BIELANY,20.963333,52.281389,IMGW - stacja klimatologiczna,IMGW-PIB,98,1938
251210040,JARCZEW,21.973333,51.814722,IMGW - stacja klimatologiczna,IMGW-PIB,180,1967
251210120,PUŁAWY,21.966111,51.412778,IMGW - stacja klimatologiczna,IMGW-PIB,142,1871
250210040,NOWA SŁUPIA,21.083333,50.864167,IMGW - posterunek opadowy,IMGW-PIB,290,1949
251230120,BEZEK,23.263611,51.177222,IMGW - stacja klimatologiczna,IMGW-PIB,224,1974
251190230,JAROSTY,19.691944,51.4625,IMGW - posterunek opadowy,IMGW-PIB,197,2013
252200120,LEGIONOWO,20.956111,52.407778,IMGW - stacja klimatologiczna,IMGW-PIB,94,1926
250180270,ŚWIERKLANIEC,18.9425,50.428889,IMGW - stacja klimatologiczna,IMGW-PIB,285,1947
249200220,ROZTOKA,20.383333,49.640278,IMGW - posterunek opadowy,IMGW-PIB,815,2006
249200240,PTASZKOWA,20.886667,49.600278,IMGW - stacja klimatologiczna,IMGW-PIB,520,1953
249200260,ŁĄCKO,20.439444,49.559722,IMGW - stacja klimatologiczna,IMGW-PIB,366,1954
249200270,TURBACZ,20.118056,49.544722,IMGW - stacja klimatologiczna,IMGW-PIB,1273,2005
249200280,ŁABOWA,20.858611,49.526111,IMGW - posterunek opadowy,IMGW-PIB,455,1992
249200330,STUDZIONKI,20.211944,49.495278,IMGW - stacja klimatologiczna,IMGW-PIB,904,1967
249200340,DĘBNO,20.209444,49.465833,IMGW - stacja klimatologiczna,IMGW-PIB,536,1990
249200350,HUTA,20.956667,49.465,IMGW - posterunek opadowy,IMGW-PIB,756,1948
249200360,MIZERNA,20.281944,49.455278,IMGW - stacja klimatologiczna,IMGW-PIB,570,1967
249200370,KROŚCIENKO,20.431667,49.445556,IMGW - stacja klimatologiczna,IMGW-PIB,435,1956
249200420,NIEDZICA,20.315833,49.417778,IMGW - stacja klimatologiczna,IMGW-PIB,534,1997
249200450,BIAŁKA TATRZAŃSKA,20.107222,49.412222,IMGW - brak bieżących danych,IMGW-PIB,680,1947
249200480,BUKOWINA TATRZAŃSKA,20.098333,49.3375,IMGW - stacja klimatologiczna,IMGW-PIB,902,1948
250210130,STASZÓW,21.185,50.595,IMGW - stacja klimatologiczna,IMGW-PIB,219,1957
250210160,MAJDAN KRÓLEWSKI,21.751944,50.366667,IMGW - posterunek opadowy,IMGW-PIB,200,1947
250210210,MIELEC,21.432778,50.279444,IMGW - posterunek opadowy,IMGW-PIB,170,1996
250210220,KOLBUSZOWA,21.745833,50.262222,IMGW - stacja klimatologiczna,IMGW-PIB,200,1990
249190530,PILSKO,19.318333,49.541111,IMGW - stacja klimatologiczna,IMGW-PIB,1278,2005
249200120,ROZDZIELE,20.416111,49.785278,IMGW - stacja klimatologiczna,IMGW-PIB,627,1946
249200230,GRYBÓW,20.948056,49.619722,IMGW - posterunek opadowy,IMGW-PIB,335,1947
250200360,DĄBROWA TARNOWSKA,20.991111,50.186111,IMGW - posterunek opadowy,IMGW-PIB,197,2006
249180390,BRENNA-LEŚNICA,18.903056,49.71,IMGW - posterunek opadowy,IMGW-PIB,426,2005
249180520,RUDZICA,18.880833,49.853889,IMGW - posterunek opadowy,IMGW-PIB,345,2005
249200960,NOWY TARG-KOWANIEC,20.055,49.486389,IMGW - posterunek opadowy,IMGW-PIB,590,2006
254220030,GOŁDAP,22.268611,54.308333,IMGW - stacja klimatologiczna,IMGW-PIB,159,1949
254220060,BANIE MAZURSKIE,22.023056,54.251667,IMGW - posterunek opadowy,IMGW-PIB,110,1952
353200272,OLSZTYN,20.421389,53.768611,IMGW - stacja synoptyczna,IMGW-PIB,133,1948
354210185,KĘTRZYN,21.366667,54.067222,IMGW - stacja synoptyczna,IMGW-PIB,107,1945
254190050,FROMBORK,19.677222,54.360278,IMGW - stacja klimatologiczna,IMGW-PIB,2,1981
254190080,PIERZCHAŁY,19.849167,54.300556,IMGW - posterunek opadowy,IMGW-PIB,11,2005
254190160,PASŁĘK,19.636111,54.068611,IMGW - posterunek opadowy,IMGW-PIB,14,1948
254200040,BARTOSZYCE,20.797778,54.240278,IMGW - brak bieżących danych,IMGW-PIB,59,
254200050,BORNITY,20.050833,54.184444,IMGW - posterunek opadowy,IMGW-PIB,47,2006
254200070,KASZUNY,20.339722,54.158333,IMGW - posterunek opadowy,IMGW-PIB,89,1973
254210020,WĘGORZEWO,21.734722,54.223889,IMGW - posterunek opadowy,IMGW-PIB,116,1957
254200080,LIDZBARK WARMIŃSKI,20.586111,54.135833,IMGW - stacja klimatologiczna,IMGW-PIB,90,1888
250160560,STRONIE ŚLĄSKIE,16.866111,50.3025,IMGW - posterunek opadowy,IMGW-PIB,502,1948
249220340,WOŁOSATE,22.685833,49.064167,IMGW - stacja klimatologiczna,IMGW-PIB,752,2005
249220350,WYŻNIAŃSKI WIERCH,22.585833,49.121944,IMGW - stacja klimatologiczna,IMGW-PIB,913,2005
249220280,STUPOSIANY,22.683056,49.191667,IMGW - stacja klimatologiczna,IMGW-PIB,547,1974
249220320,POŁONINA WETLIŃSKA,22.551667,49.157778,IMGW - stacja klimatologiczna,IMGW-PIB,1226,2005
249220190,SAKOWCZYK,22.4475,49.314722,IMGW - posterunek opadowy,IMGW-PIB,561,1964
249220150,SOLINA-JAWOR,22.468333,49.4,IMGW - stacja klimatologiczna,IMGW-PIB,459,1964
249220170,BALIGRÓD-MCHAWA,22.283611,49.353889,IMGW - stacja klimatologiczna,IMGW-PIB,430,1953
249220180,KOMAŃCZA,22.063333,49.339167,IMGW - stacja klimatologiczna,IMGW-PIB,478,1951
249210270,WISŁOK WIELKI,21.999167,49.378611,IMGW - posterunek opadowy,IMGW-PIB,540,1948
249220140,SZCZAWNE,22.146944,49.398889,IMGW - posterunek opadowy,IMGW-PIB,395,1953
249220060,BIRCZA,22.481111,49.687222,IMGW - stacja klimatologiczna,IMGW-PIB,324,1956
249210210,PUŁAWY DOLNE,21.907222,49.49,IMGW - posterunek opadowy,IMGW-PIB,395,1983
249210190,WISŁOCZEK,21.865556,49.500833,IMGW - posterunek opadowy,IMGW-PIB,520,1983
249220110,NOWOTANIEC,22.025278,49.507778,IMGW - posterunek opadowy,IMGW-PIB,405,1954
253190370,BĄGART,19.384444,53.991667,IMGW - posterunek opadowy,IMGW-PIB,0,2023
253180160,RADZYŃ-FIJEWO,18.946944,53.382778,IMGW - posterunek opadowy,IMGW-PIB,104,1948
253150330,SŁONOWICE,15.718056,53.716944,IMGW - posterunek opadowy,IMGW-PIB,105,2023
254170070,BUKOWINA,17.843333,54.422222,IMGW - stacja klimatologiczna,IMGW-PIB,155,1949
252160350,KOPASZEWO,16.818333,52.003333,IMGW - stacja klimatologiczna,IMGW-PIB,91,2023
253210380,TUROWO,21.901667,53.528611,IMGW - stacja klimatologiczna,IMGW-PIB,141,2023
254170020,SMOŁDZINO,17.201667,54.667222,IMGW - posterunek opadowy,IMGW-PIB,4,1948
250170840,MESZNO,17.141389,50.4325,IMGW - stacja klimatologiczna,IMGW-PIB,213,2023
253230230,ZARZECZANY,23.684444,53.101667,IMGW - posterunek opadowy,IMGW-PIB,146,2023
249210370,ROPICA GÓRNA,21.231389,49.596111,IMGW - posterunek opadowy,IMGW-PIB,357,2023
250180750,WĄSICE,18.029722,50.985,IMGW - posterunek opadowy,IMGW-PIB,169,2023
250170850,KUJAWY,17.803889,50.436944,IMGW - posterunek opadowy,IMGW-PIB,180,2023
250160970,ŚNIEŻNIK,16.8325,50.208333,IMGW - stacja klimatologiczna,IMGW-PIB,1218,2023
250160980,WOLIBÓRZ,16.578056,50.590556,IMGW - posterunek opadowy,IMGW-PIB,518,2023
249190970,SIDZINA,19.726944,49.619444,IMGW - posterunek opadowy,IMGW-PIB,546,2023
253220370,SAWINO,22.864722,53.168889,IMGW - posterunek opadowy,IMGW-PIB,118,2023
249201060,TYLMANOWA,20.3875,49.518056,IMGW - posterunek opadowy,IMGW-PIB,404,2023
250180760,STRZELCE OPOLSKIE,18.311111,50.517778,IMGW - posterunek opadowy,IMGW-PIB,229,2023
249190990,JORDANÓW,19.841667,49.643056,IMGW - posterunek opadowy,IMGW-PIB,534,2024
250160060,SOBÓTKA,16.759444,50.902222,IMGW - posterunek opadowy,IMGW-PIB,156,1946
251150450,PIEŃSK,15.040278,51.26,IMGW - posterunek opadowy,IMGW-PIB,164,2024
254170280,STRUSZEWO,17.357222,54.178889,IMGW - stacja klimatologiczna,IMGW-PIB,131,2024
251190240,WIERZBOWA,19.079444,51.986667,IMGW - posterunek opadowy,IMGW-PIB,111,2024
250161070,JODŁÓW,16.771111,50.172778,IMGW - posterunek opadowy,IMGW-PIB,828,2024
250160940,NOWA WIEŚ,16.745,50.197778,IMGW - posterunek opadowy,IMGW-PIB,555,2024
250160960,STARY GIERAŁTÓW,16.9175,50.31,IMGW - posterunek opadowy,IMGW-PIB,535,2024
249190480,LALIKI,19.016111,49.544722,IMGW - stacja klimatologiczna,IMGW-PIB,680,1975
249190520,OBIDOWA,19.968611,49.544167,IMGW - stacja klimatologiczna,IMGW-PIB,805,1949
249190620,BAŃSKA WYŻNA,19.973333,49.384167,IMGW - posterunek opadowy,IMGW-PIB,896,1947
249200180,LIMANOWA,20.418333,49.693611,IMGW - stacja klimatologiczna,IMGW-PIB,515,1951
249200210,PÓŁRZECZKI,20.215,49.6525,IMGW - posterunek opadowy,IMGW-PIB,650,1946
350190566,KRAKÓW-BALICE,19.795,50.077778,IMGW - stacja synoptyczna,IMGW-PIB,236,1964
349190625,ZAKOPANE,19.960278,49.293889,IMGW - stacja synoptyczna,IMGW-PIB,852,1876
250190470,KRAKÓW-WOLA JUSTOWSKA,19.890278,50.063889,IMGW - stacja klimatologiczna,IMGW-PIB,204,1963
249180180,USTROŃ-RÓWNICA-WIEŚ,18.8525,49.719722,IMGW - posterunek opadowy,IMGW-PIB,768,1929
249190320,LUBOŃ WIELKI,19.992222,49.653333,IMGW - stacja klimatologiczna,IMGW-PIB,1021,1949
249200020,ŁAZY,20.495278,49.965278,IMGW - stacja klimatologiczna,IMGW-PIB,245,1988
249210120,NOWY ŻMIGRÓD,21.533333,49.611667,IMGW - posterunek opadowy,IMGW-PIB,300,1948
349200660,NOWY SĄCZ,20.688611,49.627222,IMGW - stacja synoptyczna,IMGW-PIB,292,1953
350190560,KATOWICE-MUCHOWIEC,19.032778,50.240556,IMGW - stacja synoptyczna,IMGW-PIB,278,1930
350200570,KIELCE-SUKÓW,20.692222,50.810556,IMGW - stacja synoptyczna,IMGW-PIB,260,1974
350200575,TARNÓW,20.941944,50.025556,IMGW - stacja synoptyczna,IMGW-PIB,210,1946
350210585,SANDOMIERZ,21.715833,50.696667,IMGW - stacja synoptyczna,IMGW-PIB,217,1945
250190220,ŁAZY,19.383889,50.431111,IMGW - brak bieżących danych,IMGW-PIB,350,1955
250190310,MACZKI,19.262778,50.258611,IMGW - posterunek opadowy,IMGW-PIB,265,1945
250200010,BARTKÓW,20.649722,50.978611,IMGW - posterunek opadowy,IMGW-PIB,330,1949
250200110,CISÓW,20.902778,50.758611,IMGW - posterunek opadowy,IMGW-PIB,326,1983
250200130,KLISZÓW,20.524722,50.6125,IMGW - stacja klimatologiczna,IMGW-PIB,206,1947
250200210,MIECHÓW,20.032778,50.362778,IMGW - stacja klimatologiczna,IMGW-PIB,299,1951
250200230,BORUSOWA,20.786944,50.277778,IMGW - stacja klimatologiczna,IMGW-PIB,171,1948
250200250,RADZIEMICE,20.230833,50.253333,IMGW - posterunek opadowy,IMGW-PIB,240,1946
250200280,IGOŁOMIA,20.256389,50.093611,IMGW - stacja klimatologiczna,IMGW-PIB,202,1947
250200290,BORZĘCIN,20.71,50.065833,IMGW - posterunek opadowy,IMGW-PIB,192,1949
250210070,BARANÓWEK,21.257778,50.77,IMGW - stacja klimatologiczna,IMGW-PIB,283,1983
250210080,SADKÓW,21.077222,50.736667,IMGW - posterunek opadowy,IMGW-PIB,365,1949
250210090,JASTRZĘBSKA WOLA,21.186944,50.724722,IMGW - posterunek opadowy,IMGW-PIB,263,1992
250210170,WILCZA WOLA,21.931944,50.341389,IMGW - posterunek opadowy,IMGW-PIB,190,1953
250210230,RADOMYŚL WIELKI,21.269722,50.199722,IMGW - posterunek opadowy,IMGW-PIB,190,1947
250210240,ZAWADA,21.493333,50.063889,IMGW - stacja klimatologiczna,IMGW-PIB,200,1981
249210170,BARTNE,21.345556,49.558611,IMGW - stacja klimatologiczna,IMGW-PIB,540,1945
249210220,WYSZOWADKA,21.420833,49.453889,IMGW - posterunek opadowy,IMGW-PIB,506,1980
249210230,WYSOWA,21.1725,49.438056,IMGW - stacja klimatologiczna,IMGW-PIB,519,1951
249210240,BARWINEK,21.684722,49.431111,IMGW - stacja klimatologiczna,IMGW-PIB,465,1951
249210250,JAŚLISKA,21.81,49.44,IMGW - posterunek opadowy,IMGW-PIB,440,1955
249210260,TYLICZ,21.008889,49.392222,IMGW - stacja klimatologiczna,IMGW-PIB,585,1945
250200220,SIELEC,20.420556,50.318611,IMGW - stacja klimatologiczna,IMGW-PIB,200,1925
250210180,CHORZELÓW,21.444167,50.348056,IMGW - stacja klimatologiczna,IMGW-PIB,170,1948
249190460,SPYTKOWICE GÓRNE,19.761667,49.564444,IMGW - posterunek opadowy,IMGW-PIB,639,1968
249200440,JAWORZYNA KRYNICKA,20.895278,49.417778,IMGW - stacja klimatologiczna,IMGW-PIB,1110,2006
250200050,RYKOSZYN,20.411667,50.865556,IMGW - posterunek opadowy,IMGW-PIB,274,1958
253170350,CZYCZKOWY,17.733333,53.860833,IMGW - posterunek opadowy,IMGW-PIB,137,2024
249190210,ŁODYGOWICE,19.160278,49.724167,IMGW - posterunek opadowy,IMGW-PIB,375,1949
249190670,POLANA CHOCHOŁOWSKA,19.788611,49.236944,IMGW - stacja klimatologiczna,IMGW-PIB,1145,1970
249200250,JASIONÓW,20.025833,49.589722,IMGW - posterunek opadowy,IMGW-PIB,742,1973
249190870,ŚLEMIEŃ,19.374444,49.715833,IMGW - posterunek opadowy,IMGW-PIB,480,2006
250190520,TYCHY,19.001111,50.131944,IMGW - posterunek opadowy,IMGW-PIB,255,2005
249200920,PIWNICZNA,20.723056,49.425,IMGW - stacja klimatologiczna,IMGW-PIB,380,2006
249190890,RADZIECHOWY ,19.155556,49.648611,IMGW - stacja klimatologiczna,IMGW-PIB,395,2008
354190160,ELBLĄG-MILEJEWO,19.543611,54.223333,IMGW - stacja synoptyczna,IMGW-PIB,189,1946
253190070,PRABUTY,19.215,53.739444,IMGW - stacja klimatologiczna,IMGW-PIB,100,1948
254190020,NOWA PASŁĘKA,19.746944,54.426111,IMGW - stacja klimatologiczna,IMGW-PIB,2,1949
254220020,ŻABIN,22.038056,54.321389,IMGW - posterunek opadowy,IMGW-PIB,110,
249220260,DWERNIK,22.633889,49.220833,IMGW - brak bieżących danych,IMGW-PIB,543,
249210150,IWONICZ-ZDRÓJ,21.788333,49.567222,IMGW - stacja klimatologiczna,IMGW-PIB,425,1947
349210670,KROSNO,21.769167,49.706667,IMGW - stacja synoptyczna,IMGW-PIB,330,1984
249210160,ORZECHÓWKA,21.961389,49.716667,IMGW - posterunek opadowy,IMGW-PIB,310,1996
249210040,ŻARNOWA,21.816389,49.877778,IMGW - stacja klimatologiczna,IMGW-PIB,220,2024
249220010,KAŃCZUGA,22.407222,49.985278,IMGW - posterunek opadowy,IMGW-PIB,215,1949
249220040,DYNÓW,22.235,49.835278,IMGW - stacja klimatologiczna,IMGW-PIB,249,1952
349220690,LESKO,22.341667,49.466389,IMGW - stacja synoptyczna,IMGW-PIB,420,1954
349190650,KASPROWY WIERCH,19.981944,49.2325,IMGW - stacja synoptyczna,IMGW-PIB,1990,1935
250180670,TRZEBISZYN,18.190833,50.865,IMGW - posterunek opadowy,IMGW-PIB,196,2023
254180270,ZELEWO,18.075278,54.623056,IMGW - posterunek opadowy,IMGW-PIB,43,2024
251170440,DROŁTOWICE,17.596111,51.335,IMGW - posterunek opadowy,IMGW-PIB,200,2023
253180260,LUBIEWO,18.025,53.463889,IMGW - stacja klimatologiczna,IMGW-PIB,116,2023
253170370,UPIŁKA,17.946944,53.946944,IMGW - posterunek opadowy,IMGW-PIB,141,2023
250150550,SZRENICA,15.512222,50.790833,IMGW - posterunek opadowy,IMGW-PIB,1327,2023
250190790,CHRZANÓW,19.376667,50.1125,IMGW - posterunek opadowy,IMGW-PIB,252,2023
250180740,SIERAKOWICE,18.431389,50.265556,IMGW - posterunek opadowy,IMGW-PIB,203,2023
253220220,ZAWADY,22.673333,53.156944,IMGW - posterunek opadowy,IMGW-PIB,110,1949
253220270,JABŁONOWO-WYPYCHY,22.750278,53.029722,IMGW - stacja klimatologiczna,IMGW-PIB,130,2005
253230020,RÓŻANYSTOK,23.401389,53.635278,IMGW - stacja klimatologiczna,IMGW-PIB,160,1960
253230030,JANÓW,23.229444,53.459722,IMGW - posterunek opadowy,IMGW-PIB,161,1949
253230060,JAŁÓWKA,23.340556,53.353889,IMGW - posterunek opadowy,IMGW-PIB,170,1957
253230110,FASTY,23.025833,53.1775,IMGW - posterunek opadowy,IMGW-PIB,114,1949
353200270,MŁAWA,20.361111,53.104167,IMGW - stacja synoptyczna,IMGW-PIB,147,1945
353210285,OSTROŁĘKA,21.533889,53.065833,IMGW - stacja synoptyczna,IMGW-PIB,94,1946
253220070,BIEBRZA,22.578333,53.650556,IMGW - stacja klimatologiczna,IMGW-PIB,115,1953
253230160,SUPRAŚL,23.3325,53.210833,IMGW - stacja klimatologiczna,IMGW-PIB,137,2005
250160130,SZCZAWNO-ZDRÓJ,16.241111,50.806667,IMGW - stacja klimatologiczna,IMGW-PIB,431,1948
250160150,KAMIENNA GÓRA,16.036111,50.792778,IMGW - posterunek opadowy,IMGW-PIB,464,1946
250160170,LUBACHÓW,16.428611,50.763889,IMGW - posterunek opadowy,IMGW-PIB,305,1963
250160190,BOGUSZÓW-GORCE,16.19,50.749444,IMGW - posterunek opadowy,IMGW-PIB,518,1949
250160260,DZIERŻONIÓW,16.624167,50.743333,IMGW - posterunek opadowy,IMGW-PIB,252,1946
250160290,CHEŁMSKO ŚLĄSKIE,16.07,50.670833,IMGW - posterunek opadowy,IMGW-PIB,498,1947
250160450,KUDOWA-ZDRÓJ,16.221944,50.438056,IMGW - posterunek opadowy,IMGW-PIB,364,1946
250160480,SŁOSZÓW,16.379444,50.41,IMGW - stacja klimatologiczna,IMGW-PIB,556,1974
250160490,POLANICA-ZDRÓJ,16.518333,50.425278,IMGW - posterunek opadowy,IMGW-PIB,389,1946
250160510,OŁDRZYCHOWICE KŁODZKIE,16.734722,50.356667,IMGW - posterunek opadowy,IMGW-PIB,349,1949
350170530,OPOLE,17.968889,50.626944,IMGW - stacja synoptyczna,IMGW-PIB,163,1946
350150500,JELENIA GÓRA,15.788889,50.900278,IMGW - stacja synoptyczna,IMGW-PIB,342,1945
351160415,LEGNICA,16.207778,51.1925,IMGW - stacja synoptyczna,IMGW-PIB,123,1945
351160418,LESZNO,16.534722,51.835556,IMGW - stacja synoptyczna,IMGW-PIB,91,1957
350150510,ŚNIEŻKA,15.739722,50.736389,IMGW - stacja synoptyczna,IMGW-PIB,1603,1945
351160424,WROCŁAW-STRACHOWICE,16.9,51.103333,IMGW - stacja synoptyczna,IMGW-PIB,120,1945
250160030,BOLKÓW,16.098611,50.925,IMGW - posterunek opadowy,IMGW-PIB,310,1949
251150110,ŻAGAŃ,15.293611,51.649722,IMGW - posterunek opadowy,IMGW-PIB,96,1946
250150080,STARA KAMIENICA,15.574167,50.916944,IMGW - posterunek opadowy,IMGW-PIB,374,1946
250150340,BOROWICE,15.69,50.789167,IMGW - brak bieżących danych,IMGW-PIB,660,2007
250190030,SILNICZKA,19.758889,50.921944,IMGW - stacja klimatologiczna,IMGW-PIB,215,1886
351190469,SULEJÓW,19.866389,51.353333,IMGW - stacja synoptyczna,IMGW-PIB,188,1961
250220050,ZAKŁODZIE,22.861389,50.7575,IMGW - posterunek opadowy,IMGW-PIB,205,1973
250230020,NIELISZ,23.038611,50.805,IMGW - stacja klimatologiczna,IMGW-PIB,200,2005
251190140,PLUCICE,19.601944,51.203611,IMGW - posterunek opadowy,IMGW-PIB,204,1989
249200490,MUSZYNA,20.886389,49.349722,IMGW - stacja klimatologiczna,IMGW-PIB,445,1956
249200530,ŁYSA POLANA,20.115,49.263611,IMGW - posterunek opadowy,IMGW-PIB,970,2006
249200550,DOLINA PIĘCIU STAWÓW,20.047778,49.213611,IMGW - stacja klimatologiczna,IMGW-PIB,1674,1949
249210010,PILZNO,21.308333,49.987222,IMGW - posterunek opadowy,IMGW-PIB,195,1946
249210070,BIECZ-GRUDNA,21.295556,49.735278,IMGW - stacja klimatologiczna,IMGW-PIB,285,1975
249210080,JASŁO,21.485,49.735556,IMGW - posterunek opadowy,IMGW-PIB,228,1995
249210090,GORLICE,21.171111,49.655278,IMGW - posterunek opadowy,IMGW-PIB,300,1946
249180160,BRENNA,18.870833,49.753611,IMGW - stacja klimatologiczna,IMGW-PIB,350,1984
249180210,SZCZYRK,19.021389,49.705556,IMGW - stacja klimatologiczna,IMGW-PIB,593,1949
249180220,CZANTORIA,18.819722,49.683333,IMGW - posterunek opadowy,IMGW-PIB,842,2005
249180230,WISŁA,18.861389,49.654722,IMGW - stacja klimatologiczna,IMGW-PIB,430,1947
249180240,WISŁA-MALINKA,18.9675,49.644722,IMGW - posterunek opadowy,IMGW-PIB,685,1956
249190030,LIBERTÓW,19.895,49.9725,IMGW - stacja klimatologiczna,IMGW-PIB,318,1950
249190050,RADZISZÓW,19.809167,49.939722,IMGW - posterunek opadowy,IMGW-PIB,222,1947
249190090,INWAŁD,19.388611,49.867222,IMGW - stacja klimatologiczna,IMGW-PIB,350,1975
249190130,MIĘDZYBRODZIE BIALSKIE,19.196111,49.789444,IMGW - stacja klimatologiczna,IMGW-PIB,328,1956
249190140,LESKOWIEC,19.446667,49.795556,IMGW - stacja klimatologiczna,IMGW-PIB,872,1950
249190170,BOGDANÓWKA,19.788056,49.759444,IMGW - posterunek opadowy,IMGW-PIB,812,1974
249190190,MAKÓW PODHALAŃSKI,19.688056,49.725833,IMGW - stacja klimatologiczna,IMGW-PIB,416,1948
249190240,LACHOWICE KRALE,19.417778,49.688333,IMGW - stacja klimatologiczna,IMGW-PIB,616,1974
249190280,KRZECZÓW,19.91,49.683611,IMGW - stacja klimatologiczna,IMGW-PIB,548,1949
249190350,ZAWOJA,19.518611,49.611667,IMGW - stacja klimatologiczna,IMGW-PIB,697,1956
249190390,MARKOWE SZCZAWINY,19.516389,49.5875,IMGW - stacja klimatologiczna,IMGW-PIB,1193,2005
249190410,MILÓWKA,19.079444,49.559167,IMGW - posterunek opadowy,IMGW-PIB,485,1954
249190430,SOPOTNIA WIELKA,19.299444,49.581667,IMGW - posterunek opadowy,IMGW-PIB,745,1974
249190440,KORBIELÓW,19.348333,49.568611,IMGW - stacja klimatologiczna,IMGW-PIB,650,1949
249190560,JABŁONKA,19.695833,49.472222,IMGW - stacja klimatologiczna,IMGW-PIB,614,1947
249200930,PORONIN,20.035278,49.330278,IMGW - stacja klimatologiczna,IMGW-PIB,776,2005
249200980,MSZANA DOLNA,20.054444,49.663611,IMGW - stacja klimatologiczna,IMGW-PIB,440,2012
249200990,WRONOWICE,20.590556,49.736389,IMGW - posterunek opadowy,IMGW-PIB,270,2012
249210030,TUCHÓW,21.0475,49.903889,IMGW - posterunek opadowy,IMGW-PIB,220,1946
250210110,RAKÓW,21.048611,50.671667,IMGW - stacja klimatologiczna,IMGW-PIB,220,1949
349190600,BIELSKO-BIAŁA,19.002222,49.806667,IMGW - stacja synoptyczna,IMGW-PIB,396,1947
249180010,PSZCZYNA,18.919167,49.995556,IMGW - stacja klimatologiczna,IMGW-PIB,270,1954
249190780,GUBAŁÓWKA,19.929722,49.305556,IMGW - stacja klimatologiczna,IMGW-PIB,1123,2005
249190790,RATUŁÓW,19.884167,49.391667,IMGW - stacja klimatologiczna,IMGW-PIB,679,2005
249190880,WADOWICE,19.511111,49.877222,IMGW - posterunek opadowy,IMGW-PIB,265,2006
249200950,SZAFLARY,20.025278,49.416111,IMGW - posterunek opadowy,IMGW-PIB,636,2006
249210340,KREMPNA,21.484167,49.516389,IMGW - posterunek opadowy,IMGW-PIB,380,2006
250190510,PIWOŃ,19.245,50.484444,IMGW - posterunek opadowy,IMGW-PIB,300,2005
249190770,STRACONKA,19.107222,49.793889,IMGW - posterunek opadowy,IMGW-PIB,450,2005
249180150,WAPIENICA,18.973333,49.773611,IMGW - posterunek opadowy,IMGW-PIB,456,2006
250200370,KONIECZNO,20.034167,50.794167,IMGW - stacja klimatologiczna,IMGW-PIB,268,2006
250200380,BIELINY PODUCHOWNE,20.958889,50.849444,IMGW - posterunek opadowy,IMGW-PIB,321,2006
249200910,MORSKIE OKO,20.071389,49.201111,IMGW - stacja klimatologiczna,IMGW-PIB,1400,2005
249190850,RYCERKA GÓRNA,19.008056,49.425833,IMGW - posterunek opadowy,IMGW-PIB,720,2006
249190860,SOBLÓWKA,19.145278,49.456667,IMGW - posterunek opadowy,IMGW-PIB,620,2006
250190380,BIERUŃ STARY,19.094722,50.084167,IMGW - stacja klimatologiczna,IMGW-PIB,255,1945
249201010,SIERCZA,20.033889,49.9725,IMGW - stacja klimatologiczna,IMGW-PIB,336,2012
249190820,KOSZARAWA,19.413889,49.672222,IMGW - posterunek opadowy,IMGW-PIB,671,2006
249190830,KOŚCIELISKO-KIRY,19.870833,49.277778,IMGW - posterunek opadowy,IMGW-PIB,933,2005
249190840,RAJCZA,19.115278,49.508056,IMGW - posterunek opadowy,IMGW-PIB,505,2006
249190810,KALWARIA ZEBRZYDOWSKA,19.685278,49.87,IMGW - posterunek opadowy,IMGW-PIB,312,2006
253200080,JEMIOŁOWO,20.299444,53.561667,IMGW - posterunek opadowy,IMGW-PIB,175,1946
254190120,KMIECIN,19.163889,54.187778,IMGW - stacja klimatologiczna,IMGW-PIB,0,1962
254190190,ELBLĄG,19.431389,54.161944,IMGW - stacja klimatologiczna,IMGW-PIB,39,2013
254190230,ROGITY,19.861389,54.389167,IMGW - posterunek opadowy,IMGW-PIB,8,2017
250140020,SIENIAWKA,14.835278,50.893611,IMGW - posterunek opadowy,IMGW-PIB,234,1949
251150420,STANKOWICE,15.313611,51.016667,IMGW - posterunek opadowy,IMGW-PIB,335,2019
252170390,GNIEZNO II,17.630278,52.523611,IMGW - stacja klimatologiczna,IMGW-PIB,117,2021
250160910,SREBRNA GÓRA II,16.668333,50.580833,IMGW - posterunek opadowy,IMGW-PIB,380,2022
253170360,PRUSZCZ,17.825556,53.446389,IMGW - posterunek opadowy,IMGW-PIB,124,2023
253190380,LUBSTYN,19.845556,53.5275,IMGW - stacja klimatologiczna,IMGW-PIB,200,2023
254160030,SŁAWNO,16.670278,54.351667,IMGW - posterunek opadowy,IMGW-PIB,25,1946
251190250,BEŁCHATÓW,19.396944,51.379722,IMGW - stacja klimatologiczna,IMGW-PIB,207,2023
249220370,ZATWARNICA,22.552222,49.215833,IMGW - posterunek opadowy,IMGW-PIB,,2023
250180660,RUDA ŚLĄSKA,18.82,50.246944,IMGW - stacja klimatologiczna,IMGW-PIB,236,2023
253180270,SKÓRCZ-RYZOWIE,18.536944,53.788333,IMGW - posterunek opadowy,IMGW-PIB,85,2023
253220360,BIERNATKI,22.853333,53.867778,IMGW - stacja klimatologiczna,IMGW-PIB,136,2023
249201030,DOBRA,20.273333,49.7275,IMGW - posterunek opadowy,IMGW-PIB,427,2023
251210320,KAZANÓW,21.4675,51.278333,IMGW - posterunek opadowy,IMGW-PIB,158,2023
250190530,KATOWICE PYRZOWICE,19.095,50.477222,IMGW - stacja klimatologiczna,IMGW-PIB,301,1970
250190780,BĘDKOWICE,19.769444,50.179167,IMGW - posterunek opadowy,IMGW-PIB,434,2023
250161030,RZECZKA,16.4475,50.676667,IMGW - posterunek opadowy,IMGW-PIB,624,2023
252230290,BOLESTY,23.090833,52.736667,IMGW - posterunek opadowy,IMGW-PIB,156,2023
250180110,DOBRODZIEŃ,18.425556,50.729167,IMGW - posterunek opadowy,IMGW-PIB,227,1947
249180620,KOŃCZYCE MAŁE,18.638889,49.852222,IMGW - posterunek opadowy,IMGW-PIB,242,2023
249210420,SMEREKOWIEC,21.233889,49.505278,IMGW - posterunek opadowy,IMGW-PIB,451,2023
249180590,RUPTAWA,18.589444,49.936667,IMGW - posterunek opadowy,IMGW-PIB,230,2023
252220050,BRAŃSK,22.826389,52.741944,IMGW - posterunek opadowy,IMGW-PIB,125,1948
252220120,TONKIELE,22.565278,52.412222,IMGW - posterunek opadowy,IMGW-PIB,115,1984
253170320,LIPA,17.257778,53.050556,IMGW - posterunek opadowy,IMGW-PIB,62,2023
253170340,IWNO,17.418056,53.026667,IMGW - posterunek opadowy,IMGW-PIB,111,2023
250190880,SUŁOSZOWA,19.74,50.258333,IMGW - posterunek opadowy,IMGW-PIB,442,2023
249190060,SIEPRAW,19.964722,49.904722,IMGW - posterunek opadowy,IMGW-PIB,267,1948
250150560,MAŁA KOPA,15.726111,50.743611,IMGW - posterunek opadowy,IMGW-PIB,1341,2023
254190070,TOLKMICKO,19.5225,54.325278,IMGW - posterunek opadowy,IMGW-PIB,2,1981
250190810,LUBSZA,19.004167,50.609722,IMGW - posterunek opadowy,IMGW-PIB,335,2023
250180720,MODZURÓW,18.138889,50.160556,IMGW - posterunek opadowy,IMGW-PIB,244,2023
251150430,BIAŁKÓW,15.021667,51.776944,IMGW - posterunek opadowy,IMGW-PIB,85,2024
250160010,STRZEGOM,16.376389,50.963889,IMGW - posterunek opadowy,IMGW-PIB,211,1949
252140210,BOCZÓW,14.938611,52.316944,IMGW - posterunek opadowy,IMGW-PIB,79,2023
250180560,ŻORY,18.696389,50.053611,IMGW - posterunek opadowy,IMGW-PIB,245,1955
254230040,PODWOJPONIE,23.119444,54.300278,IMGW - posterunek opadowy,IMGW-PIB,207,2023
251150440,SIECIEBORZYCE,15.536944,51.665556,IMGW - posterunek opadowy,IMGW-PIB,150,2024
252170420,ROGOWO,17.643333,52.7325,IMGW - stacja klimatologiczna,IMGW-PIB,94,2023
252230250,ZAMOSZE,23.912778,52.815278,IMGW - posterunek opadowy,IMGW-PIB,157,2018
253220330,MARIANOWO II,22.105833,53.211944,IMGW - stacja klimatologiczna,IMGW-PIB,138,2016
253210350,TYSZKI-WĄDOŁOWO,21.984167,53.447778,IMGW - posterunek opadowy,IMGW-PIB,152,2016
252230240,NAREWKA,23.725,52.863611,IMGW - posterunek opadowy,IMGW-PIB,143,2005
252230230,NAREW,23.522778,52.916667,IMGW - posterunek opadowy,IMGW-PIB,134,2005
253210290,PTAKI,21.791667,53.393056,IMGW - posterunek opadowy,IMGW-PIB,107,2005
253210280,DOBRYLAS,21.864722,53.285278,IMGW - posterunek opadowy,IMGW-PIB,102,2005
251160170,CHWAŁKOWICE,16.613056,51.448333,IMGW - stacja klimatologiczna,IMGW-PIB,178,1978
251170290,NAMYSŁÓW,17.715833,51.065833,IMGW - stacja klimatologiczna,IMGW-PIB,152,1946
250150030,POBIEDNA,15.308611,50.951944,IMGW - posterunek opadowy,IMGW-PIB,409,1948
250150130,CIECHANOWICE,15.977222,50.867222,IMGW - posterunek opadowy,IMGW-PIB,405,1946
350160520,KŁODZKO,16.614167,50.436944,IMGW - stacja synoptyczna,IMGW-PIB,356,1945
251150340,GRYFÓW ŚLĄSKI,15.409444,51.026667,IMGW - posterunek opadowy,IMGW-PIB,312,1947
250160310,MIEROSZÓW,16.175833,50.6625,IMGW - posterunek opadowy,IMGW-PIB,493,1946
250150060,RĘBISZÓW,15.448889,50.951667,IMGW - posterunek opadowy,IMGW-PIB,420,1948
250150050,PILCHOWICE,15.64,50.962778,IMGW - posterunek opadowy,IMGW-PIB,251,1947
251150350,LUBOMIERZ,15.502778,51.015278,IMGW - posterunek opadowy,IMGW-PIB,365,1948
249190640,NOWE BYSTRE,19.929167,49.332222,IMGW - stacja klimatologiczna,IMGW-PIB,870,1947
249190680,HALA ORNAK,19.859444,49.229167,IMGW - stacja klimatologiczna,IMGW-PIB,1109,1949
249200050,STRADOMKA,20.309167,49.920833,IMGW - posterunek opadowy,IMGW-PIB,226,2006
249200060,GNOJNIK,20.588333,49.895278,IMGW - posterunek opadowy,IMGW-PIB,310,1996
249200070,DOBCZYCE,20.070556,49.8775,IMGW - stacja klimatologiczna,IMGW-PIB,308,1947
249200110,JODŁOWNIK,20.224722,49.770833,IMGW - stacja klimatologiczna,IMGW-PIB,384,1974
249200130,JASTRZĘBIA,20.896389,49.786389,IMGW - stacja klimatologiczna,IMGW-PIB,288,1977
249200140,WĘGLÓWKA,20.074444,49.750278,IMGW - posterunek opadowy,IMGW-PIB,512,1946
249220120,LESZCZOWATE,22.547778,49.507222,IMGW - stacja klimatologiczna,IMGW-PIB,486,1954
249220070,RYBOTYCZE,22.64,49.654444,IMGW - posterunek opadowy,IMGW-PIB,289,1948
349220695,PRZEMYŚL,22.771944,49.804167,IMGW - stacja synoptyczna,IMGW-PIB,230,1946
350220580,RZESZÓW-JASIONKA,22.042222,50.110833,IMGW - stacja synoptyczna,IMGW-PIB,206,1946
250230140,WIELKIE OCZY,23.158333,50.017778,IMGW - stacja klimatologiczna,IMGW-PIB,236,1955
250230130,FUTORY,23.046389,50.196667,IMGW - posterunek opadowy,IMGW-PIB,239,1946
250230170,JĘDRZEJÓWKA,23.342778,50.329722,IMGW - posterunek opadowy,IMGW-PIB,285,2013
250220140,TARNOGRÓD,22.756667,50.356667,IMGW - stacja klimatologiczna,IMGW-PIB,237,1956
250230060,JÓZEFÓW,23.058333,50.4875,IMGW - posterunek opadowy,IMGW-PIB,257,1948
250220130,BRODZIAKI,22.79,50.506667,IMGW - posterunek opadowy,IMGW-PIB,201,2006
250220120,JAROCIN,22.306667,50.568611,IMGW - stacja klimatologiczna,IMGW-PIB,183,1972
250220080,FRAMPOL,22.666111,50.675,IMGW - posterunek opadowy,IMGW-PIB,243,1948
250230160,CIESZANÓW,23.118056,50.233611,IMGW - stacja klimatologiczna,IMGW-PIB,217,2004
250220220,JAROSŁAW,22.7025,50.021111,IMGW - posterunek opadowy,IMGW-PIB,180,2005
251160190,LUBIN,16.216944,51.411944,IMGW - brak bieżących danych,IMGW-PIB,131,1947
249180550,CIESZYN,18.609167,49.775,IMGW - stacja klimatologiczna,IMGW-PIB,255,2019
349200628,HALA GĄSIENICOWA,20.005833,49.243889,IMGW - stacja synoptyczna,IMGW-PIB,1523,1913
252150270,BABIMOST,15.803333,52.143611,IMGW - stacja klimatologiczna,IMGW-PIB,57,2007
250150530,ŚWIERADÓW-ZDRÓJ II,15.325556,50.905833,IMGW - stacja klimatologiczna,IMGW-PIB,595,2020
253140060,GOLENIÓW,14.888333,53.593889,IMGW - stacja klimatologiczna,IMGW-PIB,34,1967
249210140,DUKLA,21.680556,49.566944,IMGW - stacja klimatologiczna,IMGW-PIB,385,1946
250210260,SĘDZISZÓW MAŁOPOLSKI,21.703611,50.078056,IMGW - posterunek opadowy,IMGW-PIB,210,2006
249180170,BŁATNIA,18.9425,49.746944,IMGW - posterunek opadowy,IMGW-PIB,882,2005
249190150,STRÓŻA,19.9175,49.796389,IMGW - posterunek opadowy,IMGW-PIB,330,1946
249200470,KRYNICA,20.960833,49.407778,IMGW - stacja klimatologiczna,IMGW-PIB,594,1867
249220230,LUTOWISKA,22.683333,49.243056,IMGW - posterunek opadowy,IMGW-PIB,666,1955
249220310,WETLINA,22.471944,49.144722,IMGW - stacja klimatologiczna,IMGW-PIB,708,1955
249220270,KALNICA,22.424167,49.197222,IMGW - posterunek opadowy,IMGW-PIB,577,1985
249220220,POLANA,22.576667,49.303333,IMGW - stacja klimatologiczna,IMGW-PIB,458,1964
249220290,ROZTOKI GÓRNE,22.314444,49.153333,IMGW - stacja klimatologiczna,IMGW-PIB,700,1973
249220240,ŻUBRACZE,22.271667,49.208889,IMGW - stacja klimatologiczna,IMGW-PIB,623,1999
249220250,CISNA,22.331111,49.212778,IMGW - posterunek opadowy,IMGW-PIB,549,1953
249220080,SANOK-TREPCZA,22.185278,49.584722,IMGW - stacja klimatologiczna,IMGW-PIB,307,1945
249180070,MAZAŃCOWICE,18.969444,49.8625,IMGW - brak bieżących danych,IMGW-PIB,269,
249180090,RUDZICA,18.8825,49.853333,IMGW - brak bieżących danych,IMGW-PIB,337,1948
249180130,CIESZYN,18.648333,49.754167,IMGW - brak bieżących danych,IMGW-PIB,295,
249180630,KICZYCE,18.799722,49.821667,IMGW - brak bieżących danych,IMGW-PIB,283,2023
249190010,JAWISZOWICE,19.141944,49.959722,IMGW - brak bieżących danych,IMGW-PIB,260,1946
249190080,WADOWICE,19.518611,49.881944,IMGW - brak bieżących danych,IMGW-PIB,259,
249190220,ŚLEMIEŃ,19.353056,49.7175,IMGW - posterunek opadowy,IMGW-PIB,447,1965
249190230,LUBIEŃ,19.97,49.720833,IMGW - brak bieżących danych,IMGW-PIB,429,1946
249190270,OSIELEC,19.738889,49.678889,IMGW - brak bieżących danych,IMGW-PIB,439,1948
249190290,LIPOWA,19.076667,49.666111,IMGW - brak bieżących danych,IMGW-PIB,530,1969
249190310,PEWEL MAŁA,19.305833,49.660833,IMGW - brak bieżących danych,IMGW-PIB,425,1970
249190340,KOSZARAWA,19.404444,49.655833,IMGW - brak bieżących danych,IMGW-PIB,595,
249190380,KAMESZNICA,19.064444,49.57,IMGW - brak bieżących danych,IMGW-PIB,470,1948
249190420,ŻABNICA,19.1875,49.560833,IMGW - brak bieżących danych,IMGW-PIB,585,1946
249190470,RABA WYŻNA,19.884167,49.566667,IMGW - brak bieżących danych,IMGW-PIB,535,1951
249190540,RAJCZA,19.105278,49.506111,IMGW - brak bieżących danych,IMGW-PIB,495,1947
249190580,RYCERKA GÓRNA,19.008333,49.426389,IMGW - brak bieżących danych,IMGW-PIB,,
249190610,RATUŁÓW,19.883611,49.391667,IMGW - brak bieżących danych,IMGW-PIB,679,1990
249190630,WITÓW,19.825,49.3275,IMGW - brak bieżących danych,IMGW-PIB,822,1995
249190660,KOŚCIELISKO-KIRY,19.865833,49.278611,IMGW - brak bieżących danych,IMGW-PIB,919,1945
249190750,SOBLÓWKA,19.148333,49.4375,IMGW - brak bieżących danych,IMGW-PIB,702,2002
249190920,LIPNICA WIELKA,19.545278,49.537778,IMGW - brak bieżących danych,IMGW-PIB,819,2013
249190980,SUCHA BESKIDZKA,19.605833,49.753889,IMGW - posterunek opadowy,IMGW-PIB,324,2023
249200080,ŁAPANÓW,20.283611,49.875278,IMGW - brak bieżących danych,IMGW-PIB,265,1951
249200290,OCHOTNICA GÓRNA,20.244722,49.510278,IMGW - brak bieżących danych,IMGW-PIB,617,
249200310,KOWANIEC,20.046944,49.490833,IMGW - brak bieżących danych,IMGW-PIB,623,1946
249200380,SZAFLARY,20.030833,49.424722,IMGW - brak bieżących danych,IMGW-PIB,643,1947
249200540,HALA GĄSIENICOWA,20.005833,49.243889,IMGW - brak bieżących danych,IMGW-PIB,1523,
249200570,TRZEMEŚNIA,20.012778,49.8125,IMGW - brak bieżących danych,IMGW-PIB,347,1948
249210130,ZBOISKA,21.695833,49.5775,IMGW - brak bieżących danych,IMGW-PIB,320,1986
249210180,KREMPNA,21.489444,49.515833,IMGW - brak bieżących danych,IMGW-PIB,380,1948
249210280,KUNKOWA,21.124722,49.55,IMGW - posterunek opadowy,IMGW-PIB,413,1991
249220130,BRZEGI DOLNE,22.621111,49.443333,IMGW - brak bieżących danych,IMGW-PIB,438,1992
249220160,TELEŚNICA OSZWAROWA,22.531111,49.380278,IMGW - brak bieżących danych,IMGW-PIB,449,1955
249220210,TERKA,22.426944,49.297222,IMGW - brak bieżących danych,IMGW-PIB,446,
249220330,TARNAWA NIŻNA,22.791389,49.124722,IMGW - brak bieżących danych,IMGW-PIB,708,2005
249220360,BUKOWIEC,22.413611,49.305833,IMGW - stacja klimatologiczna,IMGW-PIB,435,2019
250150090,ŚWIERADÓW-ZDRÓJ,15.358611,50.898333,IMGW - brak bieżących danych,IMGW-PIB,510,
250160270,WALIM,16.439167,50.702778,IMGW - brak bieżących danych,IMGW-PIB,489,
250160350,SREBRNA GÓRA,16.664722,50.577222,IMGW - brak bieżących danych,IMGW-PIB,405,
250160530,ZIELENIEC,16.394167,50.33,IMGW - brak bieżących danych,IMGW-PIB,840,
250160610,BOLESŁAWÓW,16.890833,50.254722,IMGW - stacja klimatologiczna,IMGW-PIB,602,1973
250160630,MIĘDZYGÓRZE,16.773611,50.218611,IMGW - posterunek opadowy,IMGW-PIB,795,1948
250170250,OTMUCHÓW,17.166389,50.472222,IMGW - brak bieżących danych,IMGW-PIB,212,
250180250,BRYNICA,18.998889,50.471667,IMGW - brak bieżących danych,IMGW-PIB,283,1946
250180650,PŁAWNIOWICE,18.482222,50.376389,IMGW - posterunek opadowy,IMGW-PIB,218,2023
250190150,BONOWICE,19.793611,50.621111,IMGW - brak bieżących danych,IMGW-PIB,260,1989
250190160,LGOTA GÓRNA,19.235278,50.600833,IMGW - brak bieżących danych,IMGW-PIB,320,1972
250190180,PIWOŃ,19.251111,50.483056,IMGW - brak bieżących danych,IMGW-PIB,295,1946
250190290,OLEWIN,19.603611,50.276944,IMGW - brak bieżących danych,IMGW-PIB,398,
250190840,ROKITNO SZLACHECKIE,19.431111,50.435278,IMGW - posterunek opadowy,IMGW-PIB,343,2023
250210120,KLIMONTÓW,21.450278,50.653333,IMGW - brak bieżących danych,IMGW-PIB,203,
250210280,WOLA RANIŻOWSKA,21.992222,50.301111,IMGW - posterunek opadowy,IMGW-PIB,195,2023
250210330,KLIMONTÓW,21.463611,50.6525,IMGW - posterunek opadowy,IMGW-PIB,210,2024
250220210,JAROSŁAW,22.696389,50.018333,IMGW - brak bieżących danych,IMGW-PIB,181,
251140060,SOBOLICE,14.975,51.388333,IMGW - brak bieżących danych,IMGW-PIB,150,
251150030,NOWOGRÓD BOBRZAŃSKI,15.253056,51.799444,IMGW - posterunek opadowy,IMGW-PIB,102,1948
251150180,TOMASZÓW BOLESŁAWIECKI,15.6775,51.276389,IMGW - brak bieżących danych,IMGW-PIB,186,
251150390,ZŁOTNIKI LUBAŃSKIE,15.340556,51.013889,IMGW - brak bieżących danych,IMGW-PIB,360,
251150410,ŚWIERZAWA,15.888889,51.016944,IMGW - brak bieżących danych,IMGW-PIB,260,
251160420,PYSZĄCA,16.679722,51.256389,IMGW - brak bieżących danych,IMGW-PIB,110,2023
251170030,WITASZYCE,17.553333,51.945556,IMGW - brak bieżących danych,IMGW-PIB,130,
251170430,OSTRZESZÓW II,17.915556,51.434444,IMGW - posterunek opadowy,IMGW-PIB,186,2020
251180090,SIERADZ,18.687222,51.593056,IMGW - brak bieżących danych,IMGW-PIB,140,
252140150,MASZEWO,14.918889,52.069722,IMGW - posterunek opadowy,IMGW-PIB,68,1955
252140160,TRZCIŃSKO-ZDRÓJ,14.588056,52.964444,IMGW - brak bieżących danych,IMGW-PIB,53,
252150070,DREZDENKO,15.841111,52.854722,IMGW - brak bieżących danych,IMGW-PIB,31,1949
252170110,GNIEZNO,17.531944,52.5575,IMGW - brak bieżących danych,IMGW-PIB,170,
252180060,PAKOŚĆ,18.0925,52.799444,IMGW - brak bieżących danych,IMGW-PIB,76,1946
252180310,RADOSZEWICE,18.706111,52.361944,IMGW - brak bieżących danych,IMGW-PIB,110,
252230040,NAREW,23.519167,52.914722,IMGW - brak bieżących danych,IMGW-PIB,139,
252230060,NAREWKA,23.728056,52.871667,IMGW - brak bieżących danych,IMGW-PIB,143,
252230080,NOWE MASIEWO,23.897222,52.833889,IMGW - brak bieżących danych,IMGW-PIB,150,
252230110,HAJNÓWKA,23.560278,52.7325,IMGW - brak bieżących danych,IMGW-PIB,163,1948
253150020,WITNO,15.063056,53.944444,IMGW - brak bieżących danych,IMGW-PIB,20,1954
253160040,GRZMIĄCA,16.439167,53.835833,IMGW - brak bieżących danych,IMGW-PIB,100,1960
253160260,WICEWO,16.123611,53.8875,IMGW - posterunek opadowy,IMGW-PIB,47,2023
253170030,RÓŻKI-DĘBIE,17.148056,53.891111,IMGW - brak bieżących danych,IMGW-PIB,155,1956
253170330,SITOWIEC,17.754167,53.368889,IMGW - stacja klimatologiczna,IMGW-PIB,134,2023
253180170,NOWY JASINIEC,18.037222,53.348333,IMGW - brak bieżących danych,IMGW-PIB,90,1956
253190260,OSTROWITE,19.274167,53.42,IMGW - brak bieżących danych,IMGW-PIB,101,1946
253210130,SZCZYTNO,21.012222,53.576944,IMGW - brak bieżących danych,IMGW-PIB,160,
253210180,PTAKI,21.794722,53.390556,IMGW - brak bieżących danych,IMGW-PIB,112,
253210220,DOBRYLAS,21.827222,53.296389,IMGW - brak bieżących danych,IMGW-PIB,104,1949
253220210,TYKOCIN,22.770556,53.204444,IMGW - brak bieżących danych,IMGW-PIB,109,
253230170,NOWOSIÓŁKI,23.526389,53.175,IMGW - brak bieżących danych,IMGW-PIB,132,
254150050,BIAŁOGARD,15.975,54.004167,IMGW - posterunek opadowy,IMGW-PIB,23,2023
254160040,JEŻYCZKI,16.390556,54.334722,IMGW - brak bieżących danych,IMGW-PIB,10,1949
254160060,SIERAKOWO,16.516389,54.216389,IMGW - posterunek opadowy,IMGW-PIB,50,1948
254160080,POLANÓW,16.683056,54.118611,IMGW - stacja klimatologiczna,IMGW-PIB,80,1948
254160130,CIECHOLUB,16.874444,54.172778,IMGW - posterunek opadowy,IMGW-PIB,115,2024
254160140,KŁANINO,16.486111,54.0275,IMGW - posterunek opadowy,IMGW-PIB,114,2024
254170130,NIEZABYSZEWO,17.423333,54.138333,IMGW - brak bieżących danych,IMGW-PIB,160,
254170190,SŁUPSK,17.035556,54.463333,IMGW - brak bieżących danych,IMGW-PIB,17,
254170210,BORUCINO,17.991667,54.253611,IMGW - stacja klimatologiczna,IMGW-PIB,,2005
254180130,GORĘCZYNO,18.1625,54.261944,IMGW - brak bieżących danych,IMGW-PIB,177,1998
351160425,WROCŁAW,16.881667,51.113611,IMGW - stacja synoptyczna,IMGW-PIB,120,1956
249200320,ŁOPUSZNA,20.123611,49.474167,IMGW - brak bieżących danych,IMGW-PIB,570,
254200140,OSIEKA,20.7825,54.208889,IMGW - posterunek opadowy,IMGW-PIB,74,2024
251230240,STUDZIANKA,23.214722,51.931667,IMGW - posterunek opadowy,IMGW-PIB,143,2024
251230220,DEPUŁTYCZE KRÓLEWSKIE,23.436111,51.083056,IMGW - stacja klimatologiczna,IMGW-PIB,216,2025
254220120,PRZEROŚL,22.659722,54.258056,IMGW - posterunek opadowy,IMGW-PIB,215,2024
251150080,GRABIK,15.111389,51.6525,IMGW - posterunek opadowy,IMGW-PIB,166,1946
252220210,WIERZBOWO NOWE,22.324167,52.984444,IMGW - posterunek opadowy,IMGW-PIB,130,2024
252150350,KLESZCZEWO,15.389722,52.455833,IMGW - stacja klimatologiczna,IMGW-PIB,93,2024
252170410,MOGILNO,17.966667,52.644444,IMGW - posterunek opadowy,IMGW-PIB,95,2024
249201020,OSTROWSKO,20.093889,49.48,IMGW - stacja klimatologiczna,IMGW-PIB,568,2024
253210390,MIKOSZE-OSADA,21.907778,53.816111,IMGW - posterunek opadowy,IMGW-PIB,124,2024
251220260,TURZE ROGI,22.463889,51.926944,IMGW - stacja klimatologiczna,IMGW-PIB,159,2024
250180540,RYDUŁTOWY,18.429444,50.050278,IMGW - posterunek opadowy,IMGW-PIB,295,1949
254170320,JASIEŃ,17.636944,54.285556,IMGW - stacja klimatologiczna,IMGW-PIB,151,2023
250180210,ZIELONA,18.968056,50.549167,IMGW - posterunek opadowy,IMGW-PIB,284,1946
254170060,MIKOROWO,17.580556,54.408333,IMGW - posterunek opadowy,IMGW-PIB,117,1980
252160370,WRONKI,16.373056,52.6925,IMGW - posterunek opadowy,IMGW-PIB,70,2024
250150580,JARKOWICE,15.873611,50.736389,IMGW - posterunek opadowy,IMGW-PIB,650,2024
250180680,CZERWIONKA-LESZCZYNY,18.663611,50.154444,IMGW - posterunek opadowy,IMGW-PIB,246,2024
252180370,KLECZEW,18.170556,52.386944,IMGW - stacja klimatologiczna,IMGW-PIB,98,2024
250180730,BIERAWA,18.244722,50.282222,IMGW - posterunek opadowy,IMGW-PIB,178,2024
353180255,KWIDZYN,18.871667,53.734167,IMGW - stacja synoptyczna,IMGW-PIB,,2024
250240070,GOŁĘBIE,24.083056,50.634722,IMGW - posterunek opadowy,IMGW-PIB,204,2024
250230190,KOLONIA NOWOSIÓŁKI,23.916111,50.541667,IMGW - posterunek opadowy,IMGW-PIB,248,2024
253210410,TARGOWO,21.028611,53.695278,IMGW - posterunek opadowy,IMGW-PIB,165,2024
250170770,UNIKOWICE,17.008611,50.4425,IMGW - posterunek opadowy,IMGW-PIB,248,2024
250180450,ZWONOWICE,18.437778,50.142778,IMGW - posterunek opadowy,IMGW-PIB,260,1973
250140010,WYSZKÓW,14.993611,50.965278,IMGW - posterunek opadowy,IMGW-PIB,330,1973
254180280,SZEMUD,18.213611,54.493056,IMGW - stacja klimatologiczna,IMGW-PIB,154,2024
250170860,PRZYLESIE,17.349722,50.782222,IMGW - stacja klimatologiczna,IMGW-PIB,164,2024
253150320,LUBIANA,15.323333,53.104444,IMGW - posterunek opadowy,IMGW-PIB,68,2024
251150220,NOWOGRODZIEC,15.395278,51.195556,IMGW - posterunek opadowy,IMGW-PIB,206,1949
250160930,KARŁÓW,16.336944,50.474167,IMGW - posterunek opadowy,IMGW-PIB,753,2024
254150060,GĄSKI,15.917222,54.238056,IMGW - stacja klimatologiczna,IMGW-PIB,8,2024
253150360,KINOWO,15.451389,53.975,IMGW - posterunek opadowy,IMGW-PIB,32,2024
250150180,JAGNIĄTKÓW,15.611944,50.82,IMGW - posterunek opadowy,IMGW-PIB,549,1946
250200520,DOBROWODA,20.765556,50.394444,IMGW - stacja klimatologiczna,IMGW-PIB,208,2024
250180790,SOWCZYCE,18.486389,50.848056,IMGW - stacja klimatologiczna,IMGW-PIB,248,2025
249210390,UŚCIE GORLICKIE,21.131944,49.526944,IMGW - stacja klimatologiczna,IMGW-PIB,398,2024
252220220,TOŁWIN,22.951111,52.499167,IMGW - stacja klimatologiczna,IMGW-PIB,175,2024
254170330,TUCHOMKO,17.368333,54.131389,IMGW - posterunek opadowy,IMGW-PIB,,2024
254160150,MOKRE,16.401667,54.170278,IMGW - posterunek opadowy,IMGW-PIB,76,2024
251170090,SMOLICE,17.179722,51.694167,IMGW - stacja klimatologiczna,IMGW-PIB,105,1956
252190190,LUTOCIN,19.751111,52.984722,IMGW - stacja klimatologiczna,IMGW-PIB,129,2024
250161060,ŁOMNICA,16.328333,50.672222,IMGW - posterunek opadowy,IMGW-PIB,570,2024
253150290,ŁOPIANÓW,15.261389,53.875556,IMGW - posterunek opadowy,IMGW-PIB,32,2024
253200290,BAGIENICE,20.858056,53.255,IMGW - posterunek opadowy,IMGW-PIB,130,2024
250150570,MYSŁÓW,15.983056,50.9325,IMGW - posterunek opadowy,IMGW-PIB,464,2025
250220020,ZAKRZÓWEK,22.3725,50.929444,IMGW - posterunek opadowy,IMGW-PIB,270,1948
251200320,MSZCZONÓW,20.497222,51.984167,IMGW - posterunek opadowy,IMGW-PIB,161,2024
251220230,OSTRÓWEK-KOLONIA,22.600278,51.593611,IMGW - stacja klimatologiczna,IMGW-PIB,148,2024
253150310,NIEDŹWIEDZISKA,15.078056,53.949444,IMGW - posterunek opadowy,IMGW-PIB,20,2024
253230250,ŚLUZA TARTAK,23.461667,53.8825,IMGW - posterunek opadowy,IMGW-PIB,108,2025
250150590,NIEDAMIRÓW,15.870556,50.691111,IMGW - posterunek opadowy,IMGW-PIB,685,2024
250190830,MYSŁÓW,19.215,50.572778,IMGW - stacja klimatologiczna,IMGW-PIB,322,2024
250210290,ŁUBNICE,21.154722,50.396944,IMGW - posterunek opadowy,IMGW-PIB,162,2024
253150340,MIĘDZYRZECZE,15.568333,53.871944,IMGW - stacja klimatologiczna,IMGW-PIB,59,2024
250220240,BUKOWNICA,22.846667,50.560556,IMGW - stacja klimatologiczna,IMGW-PIB,235,2025
250220230,PIWODA,22.755,50.076389,IMGW - stacja klimatologiczna,IMGW-PIB,183,2024
250161080,STARKÓWEK,16.518056,50.373333,IMGW - posterunek opadowy,IMGW-PIB,484,2024
252220230,ANDRZEJEWO,22.185278,52.823333,IMGW - posterunek opadowy,IMGW-PIB,117,2024
250170870,OPOLE-WIK,17.901111,50.681111,IMGW - posterunek opadowy,IMGW-PIB,149,2024
254190150,SŁOBITY,19.751389,54.129722,IMGW - posterunek opadowy,IMGW-PIB,55,1948
250190820,DĄBROWA GÓRNICZA,19.264444,50.402222,IMGW - posterunek opadowy,IMGW-PIB,321,2024
249170080,DZIERŻKOWICE,17.846389,49.992222,IMGW - posterunek opadowy,IMGW-PIB,270,2024
254170310,OBJEZIERZE,17.067778,54.300278,IMGW - posterunek opadowy,IMGW-PIB,142,2024
250150540,CZERNICA,15.7175,50.974444,IMGW - posterunek opadowy,IMGW-PIB,299,2024
250161020,ZIELENIEC II,16.399167,50.344444,IMGW - posterunek opadowy,IMGW-PIB,721,2022
251150470,MIEDZIANA,15.116389,51.020833,IMGW - posterunek opadowy,IMGW-PIB,295,2023
252230150,KLESZCZELE,23.319444,52.572222,IMGW - posterunek opadowy,IMGW-PIB,160,1948
252140220,CHOJNA,14.404167,52.940833,IMGW - stacja klimatologiczna,IMGW-PIB,49,2024
249180030,CHAŁUPKI,18.3275,49.925833,IMGW - posterunek opadowy,IMGW-PIB,198,1948
252140090,KOSTRZYN NAD ODRĄ,14.661111,52.598611,IMGW - posterunek opadowy,IMGW-PIB,26,1956
253150350,RADOWO MAŁE,15.452222,53.668333,IMGW - stacja klimatologiczna,IMGW-PIB,93,2024
252200350,NACPOLSK,20.251389,52.514167,IMGW - stacja klimatologiczna,IMGW-PIB,126,2025
253180280,BRZOZOWO,18.424722,53.312222,IMGW - stacja klimatologiczna,IMGW-PIB,85,2024
250161040,ZŁOTY STOK,16.850556,50.429722,IMGW - posterunek opadowy,IMGW-PIB,536,2024
252180380,RAKOWO,18.288611,52.497222,IMGW - posterunek opadowy,IMGW-PIB,103,2024
253200040,GIETRZWAŁD,20.244722,53.751389,IMGW - posterunek opadowy,IMGW-PIB,107,1948
250220250,PISKOROWICE,22.516944,50.245556,IMGW - stacja klimatologiczna,IMGW-PIB,171,2025
249180640,BRENNA-BRENNICA,18.9075,49.723333,IMGW - brak bieżących danych,IMGW-PIB,403,
250200490,KOKOTÓW,20.070833,50.021667,IMGW - posterunek opadowy,IMGW-PIB,,
254180290,SZYMANKOWO,18.931389,54.074167,IMGW - stacja klimatologiczna,IMGW-PIB,3,2024
250161090,WOLBROMEK,16.127222,50.929722,IMGW - posterunek opadowy,IMGW-PIB,290,2024
252190230,PODDĘBICE,19.009167,52.553611,IMGW - stacja klimatologiczna,IMGW-PIB,91,2024
252200290,KAMPINOS,20.4725,52.268889,IMGW - stacja klimatologiczna,IMGW-PIB,87,2024
250230180,GRABOWIEC GÓRA,23.57,50.8125,IMGW - posterunek opadowy,IMGW-PIB,268,2024
249191020,SKAWICA,19.666944,49.686389,IMGW - posterunek opadowy,IMGW-PIB,409,2024
250200550,BROŃCZYCE,20.103333,50.233333,IMGW - stacja klimatologiczna,IMGW-PIB,256,2024
250180770,SIERONIOWICE,18.359167,50.450278,IMGW - stacja klimatologiczna,IMGW-PIB,263,
252210320,KOZŁY,21.409167,52.452222,IMGW - stacja klimatologiczna,IMGW-PIB,107,2024
253160240,BARWICE,16.353889,53.753056,IMGW - stacja klimatologiczna,IMGW-PIB,133,
251220250,OSTRÓW LUBELSKI,22.869722,51.496111,IMGW - posterunek opadowy,IMGW-PIB,157,2024
250190850,TROKS,19.635833,50.303889,IMGW - stacja klimatologiczna,IMGW-PIB,411,2023
252140070,BOLESZKOWICE,14.566667,52.726944,IMGW - posterunek opadowy,IMGW-PIB,50,1961
252190240,TRĘBKI,19.540556,52.320278,IMGW - stacja klimatologiczna,IMGW-PIB,105,2024
251190150,DOBRYSZYCE,19.428333,51.138889,IMGW - brak bieżących danych,IMGW-PIB,259,1961
253200140,WIELBARK,20.937222,53.406111,IMGW - posterunek opadowy,IMGW-PIB,127,1949
250190920,KORYCZANY,19.934722,50.489444,IMGW - posterunek opadowy,IMGW-PIB,323,2025
253150010,STARNIN,15.456667,53.965833,IMGW - brak bieżących danych,IMGW-PIB,36,1961
250190390,KRAKÓW-OBSERWATORIUM,19.958611,50.063889,IMGW - stacja klimatologiczna,IMGW-PIB,204,1792
251220240,ZADWORZE,22.230556,51.015278,IMGW - stacja klimatologiczna,IMGW-PIB,254,2025
252150360,WITYŃ,15.611111,52.2675,IMGW - stacja klimatologiczna,IMGW-PIB,76,2025
250170880,BOREK STRZELIŃSKI,17.088611,50.868889,IMGW - posterunek opadowy,IMGW-PIB,146,2025
249191040,RYCERKA GÓRNA II,19.011944,49.440556,IMGW - brak bieżących danych,IMGW-PIB,679,2026
252210340,WARSZAWA-MŁK,21.032222,52.210556,IMGW - stacja klimatologiczna,IMGW-PIB,,2025
250161110,GOLIŃSK,,,IMGW - posterunek opadowy,IMGW-PIB,493,2025
253200310,PRZASNYSZ,20.931389,53.012222,IMGW - stacja klimatologiczna,IMGW-PIB,120,2025
254220130,BORKI,22.172222,54.1,IMGW - stacja klimatologiczna,IMGW-PIB,,
250190930,KRAKÓW-KAMPUS UJ,19.901944,50.026944,IMGW - stacja klimatologiczna,IMGW-PIB,211,
250180780,ŚWIERKLANY,18.585833,50.012222,IMGW - stacja klimatologiczna,IMGW-PIB,285,2025
250190860,WYWŁA,19.925278,50.615556,IMGW - stacja klimatologiczna,IMGW-PIB,282,2025
353160213,BARWICE,16.353889,53.753056,IMGW - stacja synoptyczna,IMGW-PIB,133,
251150460,TOMASZÓW BOLESŁAWIECKI II,15.4035,51.165,IMGW - stacja klimatologiczna,IMGW-PIB,185,2023
253150370,KASZEWO,15.34,53.0718,IMGW - stacja klimatologiczna,IMGW-PIB,85,2023
251200050,SADKOWICE,20.3103,51.4332,IMGW - stacja klimatologiczna,IMGW-PIB,172,2025
